{"cameraMode":{"drawMode":0,"name":"Shaded","section":"Shading Mode"},"sceneLighting":false,"audioPlay":false,"sceneViewState":{"showFog":true,"showMaterialUpdate":false,"showSkybox":false,"showFlares":true,"showImageEffects":true,"showParticleSystems":true},"in2DMode":false,"pivot":{"x":414.5509338378906,"y":551.5104370117188,"z":-1.92144775390625},"rotation":{"x":-0.00540991872549057,"y":-0.0026948873419314625,"z":0.000016457915990031324,"w":-0.9999817609786987},"size":1050.435302734375,"orthographic":false}