{"cameraMode":{"drawMode":0,"name":"Shaded","section":"Shading Mode"},"sceneLighting":false,"audioPlay":false,"sceneViewState":{"showFog":true,"showMaterialUpdate":false,"showSkybox":false,"showFlares":true,"showImageEffects":true,"showParticleSystems":true},"in2DMode":false,"pivot":{"x":23.516342163085939,"y":22.201313018798829,"z":57.81548309326172},"rotation":{"x":-0.05064335837960243,"y":-0.1147979125380516,"z":0.005860315170139074,"w":-0.9920798540115356},"size":218.78421020507813,"orthographic":false}