{"cameraMode":{"drawMode":0,"name":"Shaded","section":"Shading Mode"},"sceneLighting":false,"audioPlay":false,"sceneViewState":{"showFog":true,"showMaterialUpdate":false,"showSkybox":false,"showFlares":true,"showImageEffects":true,"showParticleSystems":true},"in2DMode":false,"pivot":{"x":-2.5008556842803957,"y":1.9012155532836915,"z":2.0018386840820314},"rotation":{"x":-0.22441518306732179,"y":0.4281708300113678,"z":-0.11065476387739182,"w":-0.8683680891990662},"size":5.187294960021973,"orthographic":false}